"ID","Description","GeneRatio","BgRatio","RichFactor","FoldEnrichment","zScore","pvalue","p.adjust","qvalue","geneID","Count"
"GO:0002377","immunoglobulin production","4/13","275/28905",0.0145454545454545,32.3412587412587,11.0773009548874,5.35700339112075e-06,0.000937475593446131,0.000501866633483944,"Igkv8-24/Igkv1-117/Igkv12-89/Igkv4-57",4
"GO:0002440","production of molecular mediator of immune response","4/13","423/28905",0.00945626477541371,21.025641025641,8.80102423368328,2.91189140847215e-05,0.00254790498241313,0.00136399123870537,"Igkv8-24/Igkv1-117/Igkv12-89/Igkv4-57",4
"GO:0016064","immunoglobulin mediated immune response","3/13","302/28905",0.00993377483443709,22.087366276108,7.81415222506227,0.000298837092566122,0.0134584409822016,0.00720481953332895,"Ighv2-3/Ighg3/Ighv6-3",3
"GO:0019724","B cell mediated immunity","3/13","305/28905",0.00983606557377049,21.8701134930643,7.77237169012993,0.000307621508164607,0.0134584409822016,0.00720481953332895,"Ighv2-3/Ighg3/Ighv6-3",3
"GO:0002449","lymphocyte mediated immunity","3/13","482/28905",0.00622406639004149,13.8389722310884,6.02949123914676,0.00116360593049161,0.036428331836667,0.0195014829080503,"Ighv2-3/Ighg3/Ighv6-3",3
"GO:0002460","adaptive immune response based on somatic recombination of immune receptors built from immunoglobulin superfamily domains","3/13","494/28905",0.00607287449392713,13.502802865151,5.94551453730707,0.00124897137725715,0.036428331836667,0.0195014829080503,"Ighv2-3/Ighg3/Ighv6-3",3
"GO:0019731","antibacterial humoral response","2/13","138/28905",0.0144927536231884,32.2240802675585,7.79908688488619,0.00170522465388716,0.0426306163471791,0.0228218036384898,"Ighg3/Wfdc17",2
