"CellType","Pearson_r","Mean_M","N_genes","N_cells_spleen","N_cells_bonemarrow","Quality"
"T cells",0.979242321960957,-0.00800125545377679,7044,2153,555,"Excellent (r > 0.9)"
"Monocytes",0.956164240762454,-0.0434208555422446,7301,302,822,"Excellent (r > 0.9)"
"NK cells",0.944832177722584,-0.0294028648343805,7375,109,91,"Excellent (r > 0.9)"
"NKT",0.940493549993312,-0.0358290321823576,7269,100,65,"Excellent (r > 0.9)"
"Neutrophils",0.934573918647958,-0.0176623451572103,5100,691,3260,"Excellent (r > 0.9)"
"B cells",0.901712729530066,0.00321724627490522,7293,2215,938,"Excellent (r > 0.9)"
"Stem cells",0.89346925019051,-0.0200229023127816,8168,106,1279,"Good (r > 0.8)"
"Macrophages",0.892684192328745,-0.000955424378860775,6660,219,286,"Good (r > 0.8)"
"DC",0.838667161957686,-0.0920522837650412,7745,126,182,"Good (r > 0.8)"
