"gene","log2FC_T1","padj_T1","log2FC_T2","padj_T2"
"Xaf1",1.36758650563881,0.0350628075487245,1.29841103521267,9.50880765226836e-23
