"gene","log2FC_T1","padj_T1","log2FC_T2","padj_T2"
"Xaf1",1.36982795951585,0.0317883859682919,1.29273476629036,1.9527984446525e-22
