"gene","log2FC_T1","padj_T1","log2FC_T2","padj_T2"
"Gsr",-2.99097042395885,4.16265585087828e-25,-2.08983275369928,1.79749381974043e-59
"Igkv12-89",-3.8190356777095,7.05900659890774e-06,-6.11616624345745,1.91922638798422e-35
"Cdk8",-1.44497760633688,0.000251414095081673,-5.96857505821358,6.05638813354292e-11
"Primpol",-5.35098992985405,0.0202820922850987,-0.642471754980013,0.00574628432764562
