"gene","log2FC_T1","padj_T1","log2FC_T2","padj_T2"
"Gsr",-4.21270817555006,2.91090028423552e-71,-2.86010876065784,0
"Igkv12-89",-3.9502942538297,0.000168909059552787,-4.76157806800969,1.22241487406955e-122
"Atrnl1",-1.20731449602227,0.020896063519876,-1.1687564625494,3.94427237705383e-11
