"gene","log2FC_T1","padj_T1","log2FC_T2","padj_T2"
"Irf7",1.50669151148756,2.54943877871997e-05,1.52024070662941,1.61740002776038e-17
"Ifi44",5.27408344788546,0.000352634833445656,3.16807763631732,1.26571202495023e-12
"Ly6i",2.11051123301897,0.000449302724813111,2.29773352401858,0.0001490026779573
"Stat1",0.91637713665786,0.000890424238374318,1.40252917620332,0.00121543134337755
"Ifit3",1.96801403853476,0.00759787845543504,0.48821400658436,0.00131068128334553
