"pathway","pval","padj","log2err","ES","NES","size","leadingEdge"
"GOBP_ADAPTIVE_IMMUNE_RESPONSE",0.000220929046305306,0.128225213996962,0.518848077743792,-0.31868627509945,-1.73115619039948,186,"Igkv1-117;Trbv19;Ighg3;Ighv6-3;Trgc2;Ighv1-15;Ighv14-1;Cd3e;Tnfsf4;Lag3;Kmt5c;Pdcd1;Camk4;Cd4;Tfrc;Sh2d1b2;Cd3g;Themis;Jchain;Igkc;Trbc2"
"GOBP_ANTIMICROBIAL_HUMORAL_RESPONSE",0.000169501133902319,0.128225213996962,0.518848077743792,-0.692287232037558,-2.202711809097,16,"Ighg3;Jchain;Ccl4;Ppp2r3c;Ccl3;S100a9;Ighm;Camp"
"GOBP_HAIR_CELL_DIFFERENTIATION",0.000171939957363483,0.128225213996962,0.518848077743792,-0.76251517050712,-2.09945821038457,10,"Wdpcp;Rbpj;Notch1;Sod1;Rest;Scrib"
"GOBP_POSITIVE_REGULATION_OF_CALCIUM_ION_TRANSMEMBRANE_TRANSPORT",0.000231203054448182,0.128225213996962,0.518848077743792,-0.654390337194425,-2.16843223340036,20,"Gsto1;Cd4;Vmp1;Thy1;F2r;Abl1;Ppp3cb;Stim2;Cxcr3;P2rx7;Ppp3cc;Xcl1;Htt"
"GOBP_POSITIVE_REGULATION_OF_CALCIUM_ION_TRANSPORT",3.93294850251301e-05,0.109060661974686,0.557332238758646,-0.605237561476708,-2.22327141647772,28,"Gsto1;Cd4;Pdgfb;Ccl4;Vmp1;Thy1;F2r;Ccl3;Orai1;Abl1;Ppp3cb;Stim2;Cxcr3;P2rx7;Ppp3cc;Xcl1;Htt"
